sale,31 Questions for daily life,Daily Calender,"[W-1] by ペフ, 2020, 700yen, 4部+S",popup,
sale,This USB Card is The Digital Magazine,USB Card,"[W-2] by ペフ, 2020, 3500yen, 6個",popup,
sale,わかば,Book,"[W-3] by ペフ, B6/88 pages/Bilingual (Japanese / English), 2020, 1200yen, 4部+S",popup,
sale,わかば,Book,"[W-3] by ペフ, 夏エディション制作用,３部+春エディション",popup,
sale,Think Note,Sticky & Pen, "[W-4] by ペフ, 2020, 500yen, 10部+S",popup,
gift,Think Note,Sticky & Pen, "by ペフ, 2020, 言葉集めのお礼, 10部",popup,
sale,大切にすることを大切にするための本,Book,"[W-5] by ペフ, B6/134 pages/Bilingual (Japanese / English), 2019, 1500yen, (+Sx2部を展示・在庫は買取で卸済)",popup,
sale,大切にすることを大切にするための本,Book,"[W-5] by ペフ, B6/134 pages/Bilingual (Japanese / English), 2019, 1500yen,5部（追加納品）",popup,
sale,今でも大切？,Rolled Label Paper,"[W-6] by ペフ, 62mm × 2940mm, 2020, 500yen, 10部+S",popup,
sale, 大切にすることを大切にするためのギャラリー,Gallery,"[W-7] by ペフ, 65 × 65 × 65 mm(inside: 59 × 59 × 59 mm), 2022, 1000yen, 4個+S",popup,
sale,03,DVD,"[W-a] by Takamitsu Ohta, Muku Kobayashi, Shoji Funakawa, Soshi Matsunobe, Video/Edit by Reiji Saito , 2000yen, 5枚",popup,
sale,04,DVD,"[W-b] by Emeraldclitoris, 2000yen, 5枚",popup,
sale,05,CD,"[W-c] by Woopheadclrms, 1000yen, 4枚+S",popup,
sale,a daily basis (DIARY),Magnet Sheet,"[Storage] with Laurel Schwulst, A4 (297 × 210 mm), 2022, 500yen, 5部",,
sale,1F Box,Box,"[Storage] VG CTLG,4箱",,
