sale,P E H U is | Summer Collection,Vest,"[G-a] LL/ベージュ/Unisex, People Egg Home Useful/模様, 3000yen",popup,
sale,P E H U is | Summer Collection,Jacket/Skirt,"[G-b] Size:2/白/Ladies, Possible Elastica Happily Ufano/マーブルインク, 5500yen",popup,
sale,P E H U is | Summer Collection,Tee,"[G-c] M/白(ハイビスカス)/Ladies, Poetic Earth Heartful Una, 3500yen",popup,
sale,P E H U is | Summer Collection,Tank,"[G-d] LL/黄/Unisex, People Energetic Healthy Urbanity, 3000yen",popup,
sale,P E H U is | Summer Collection,Pants,"[G-e] ベージュ/Mens, Possibly Elskede Humor Urbanity/マーブルインク, 4000yen",popup,
sale,P E H U is | Summer Collection,Shirt,"[G-f] M/水色(柄)/Mens, Powerful Emothionally Holliness Usage/強調, 3500yen",popup,
sale,P E H U is | Summer Collection,Tee,"[G-g] L/白(You'll be ok for good)/Ladies, Poetic Earth Heartful Una, 2500yen",popup,
sale,P E H U is | Summer Collection,Pants,"[G-h] ピンク/Unisex, Poetic Elusivo Happily Us/マーブルインク, 4000yen",popup,
sale,P E H U is | Summer Collection,Long-sleeved Shirt,"[G-i] LL/黒(Luis Versus)/Unisex, Powerful Energetic Home Universe/打消し, 3000yen",popup,
sale,P E H U is | Summer Collection,Shirt,"[G-j] L/生成り/Unisex, Pensive Elusivo Holiness Unity, 4000yen",popup,
sale,P E H U is | Summer Collection,???,"[G-k] 詳細, ????yen",popup,
sale,P E H U is | Summer Collection,Jeans,"[G-l] Size:40/Unisex, Powerful Energetic Honestly Understand, 3500yen",popup,
sale,P E H U is | Summer Collection,???,"[G-m] 詳細, ????yen",popup,
sale,P E H U is | Summer Collection,Jacket,"[G-n] L/白/Unisex, Practical Exercise Healthy Universe/打消し, 4000yen",popup,
sale,P E H U is | Summer Collection,???,"[G-o] 詳細, ????yen",popup,
sale,P E H U is | Summer Collection,Skirt,"[G-p] M/ベージュ/Ladies, Powerful Elementary Happily Urbanity/マーブルインク, 3000yen",popup,
sale,P E H U is | Summer Collection,Tee,"[G-q] Size:Free/白(写真プリント)/Unisex, People Ease Healthy Unity, 2500yen",popup,
sale,P E H U is | Summer Collection,Tee,"[G-r] L/白/Unisex, People Energetic Healthy Unity/☆, 2500yen",popup,
sale,P E H U is | Summer Collection,Pants,"[G-s] ベージュ/Mens, Play Enjoy Home Utopia/打消し, 3500yen",popup,
sale,#magicringmakefriendship,Magic Ring,"[G-0] 手前の台座に置いている銀色のおもちゃ, 500yen, 14qty + 3qty + Sample",popup,
sale,｣ﾚｨﾉヾ─廾ｽ,Finger Band,"[G-1] 真ん中の台座に置いている白い小さなバンド, Artwork by NANOOK, 500yen, 15qty + 10qty + 2 Sample",popup,
sale,サコッシュ,Aparel,"[G-2] 真ん中の台座に置いているベージュの小さいバッグ, made by NANOOK, 2000yen, 2qty",popup,
sale,ヵ″｣ﾚ┐ィ~ S,Tee,"[G-3] 奥の台座に積んでいる箱, Artwork by Kazquiz, 3000yen, 2qty",popup,
sale,ヵ″｣ﾚ┐ィ~ M,Tee,"[G-4] 奥の台座に積んでいる箱, Artwork by Kazquiz, 3000yen, 2qty",popup,
sale,ヵ″｣ﾚ┐ィ~ XL,Tee,"[G-5] 奥の台座に積んでいる箱, Artwork by Kazquiz, 3000yen, 2qty + Sample",popup,
sale,"Fright Simurator (Blue)",Pin,"[G-6] パンチング壁の棚の上に置いているピン(青色), made by Laurel Schwulst, 700yen, 6qty",popup,
sale,"Fright Simurator (Orange)",Pin,"[G-7] パンチング壁の棚の上に置いているピン(オレンジ色), made by Laurel Schwulst, 700yen, 7qty",popup,
sale,Minami Shogo Kazuki,Tee,"[Storage] 吹き抜けのコンテナ内に保管, 1qty + Sample",,
