website,a1,https://64.media.tumblr.com/b377e31171f835540c59793e806ab6e1/9d81c92426060333-05/s2048x3072/c3fb5beb7637b1b9dfb41f6343036c5690d57c6f.pnj,"品目","説明文",
website,a2,https://64.media.tumblr.com/74673482160580d4c343b853bf9fb376/b06a736ce3dd3601-b0/s2048x3072/13058240875f07d80120accba15a1189a217f13c.pnj,"品目","説明文",
map,a1,https://64.media.tumblr.com/df04ee2cf6dc162aba2a4f4b3f703c2e/84c715c72642fc9f-57/s2048x3072/c67c304eed7ea25ac38181e13a510044efa158b0.jpg,"品目","説明文",
org,a2,https://64.media.tumblr.com/2dc6d5d5c237ea039662693722e10c31/183c0dc13be0fc7a-8b/s2048x3072/1284aec622153f3f62393de4efae0618dca1e213.jpg,"品目","説明文",
motto,a2,https://64.media.tumblr.com/18c06107145e42cc8d6263231af684ec/ffd645872182526e-8a/s2048x3072/d31d27ee39a441198871fa5207c5eaa54c742a2f.jpg,"品目","説明文",
print,b3,https://64.media.tumblr.com/18d2892a60ecee6cc8be2c94a0bd7c08/553162d375029b69-f3/s2048x3072/865bfe7c64f1b6322f2d800fff0d7d55f74a4ed0.jpg,"品目","説明文",
motto,b2,https://64.media.tumblr.com/29546c833559e173afe0a7a62cf7afc5/ffd645872182526e-03/s2048x3072/bf46d4b32de34ac66e5b1b95b7a920ca6016527a.jpg,"品目","説明文",
motto,b2,https://64.media.tumblr.com/89422b49d056630ebddf9ea1af6e3cec/ffd645872182526e-0d/s2048x3072/5c027ff11958c6b6d8286e09cfde96771f38926f.jpg,"品目","説明文",
org,a4,https://64.media.tumblr.com/583a2774eca8361c959273da985eb7f2/183c0dc13be0fc7a-2f/s2048x3072/9a9554006bd5f8157fff7ab614136c586378bac1.jpg,"品目","説明文",
org,a3,https://64.media.tumblr.com/3889fb0113be709cf0edeed05c2619bf/183c0dc13be0fc7a-c9/s2048x3072/96c43c9325b79f2e936a14a41f4f2481fc6a1437.jpg,"品目","説明文",
map,b4,https://64.media.tumblr.com/9ae0c221dfbccdc8bb0b78b9e892fed0/6c5352fd79afa29e-fa/s2048x3072/d229dea485de570c517854314e43b2d8862149c7.pnj,"品目","説明文",
print,a5,https://64.media.tumblr.com/f52b66c393bcf23c055bc06ca38ce4fb/539b4fdbcabe731e-3e/s2048x3072/5474fdcd5988cd279c191faf548bb177cb96d5b1.jpg,"品目","説明文",
map,a5,https://64.media.tumblr.com/97f6909da114b9a957eed7c5f91954d6/6c5352fd79afa29e-99/s540x810/fc58055db4b52522df1c3fe57143873fd3623768.jpg,"品目","説明文",
print,b5,https://64.media.tumblr.com/0059b9d78ad7b25b57222d7a5e80c2a3/539b4fdbcabe731e-fe/s2048x3072/8c021a6d175c44397957387719d97a6288b0739b.jpg,"品目","説明文",
website,a6,https://64.media.tumblr.com/12ee7fb709d870c18694917ccbbb8f72/0c9207a4ffa1cb06-d6/s640x960/e17170bfd76623b8a6424eb6db6b52c58f189455.jpg,"品目","説明文",
